raceId,driverId,year,qualifying_position,positionOrder,championship_position,podium_finish,starting_grid_diff
1031,822,2020,1,1,1,1,0
1031,844,2020,7,2,2,1,5
1031,846,2020,4,3,3,1,1
1031,1,2020,2,4,4,0,-2
1031,832,2020,8,5,5,0,3
1031,815,2020,6,6,6,0,0
1031,842,2020,12,7,7,0,5
1031,839,2020,14,8,8,0,6
1031,841,2020,18,9,9,0,9
1031,20,2020,11,10,10,0,1
1031,849,2020,20,11,11,0,9
1031,826,2020,13,12,12,0,1
1031,848,2020,5,13,13,0,-8
1031,8,2020,19,14,14,0,5
1031,847,2020,17,15,15,0,2
1031,154,2020,15,16,16,0,-1
1031,825,2020,16,17,17,0,-1
1031,840,2020,9,18,18,0,-9
1031,817,2020,10,19,19,0,-9
1031,830,2020,3,20,20,0,-17
1032,1,2020,1,1,2,1,0
1032,822,2020,4,2,1,1,2
1032,830,2020,2,3,6,1,-1
1032,848,2020,7,4,8,0,3
1032,846,2020,6,5,3,0,1
1032,815,2020,17,6,5,0,11
1032,840,2020,13,7,10,0,6
1032,817,2020,9,8,12,0,1
1032,832,2020,3,9,7,0,-6
1032,826,2020,14,10,14,0,4
1032,8,2020,16,11,17,0,5
1032,825,2020,15,12,18,0,3
1032,154,2020,20,13,19,0,7
1032,841,2020,19,14,13,0,5
1032,842,2020,8,15,9,0,-7
1032,847,2020,12,16,20,0,-4
1032,849,2020,18,17,16,0,1
1032,839,2020,5,18,11,0,-13
1032,844,2020,11,19,4,0,-8
1032,20,2020,10,20,15,0,-10
1033,1,2020,1,1,1,1,0
1033,830,2020,7,2,3,1,5
1033,822,2020,2,3,2,1,-1
1033,840,2020,3,4,8,0,-1
1033,848,2020,13,5,5,0,8
1033,20,2020,5,6,10,0,-1
1033,815,2020,4,7,6,0,-3
1033,817,2020,11,8,11,0,3
1033,832,2020,9,9,9,0,0
1033,825,2020,16,10,16,0,6
1033,844,2020,6,11,7,0,-5
1033,826,2020,17,12,15,0,5
1033,846,2020,8,13,4,0,-5
1033,839,2020,14,14,13,0,0
1033,8,2020,20,15,17,0,5
1033,154,2020,18,16,19,0,2
1033,841,2020,19,17,14,0,2
1033,847,2020,12,18,20,0,-6
1033,849,2020,15,19,18,0,-4
1033,842,2020,10,20,12,0,-10
1034,1,2020,1,1,1,1,0
1034,830,2020,3,2,3,1,1
1034,844,2020,4,3,5,1,1
1034,817,2020,8,4,9,0,4
1034,846,2020,5,5,4,0,0
1034,839,2020,9,6,11,0,3
1034,842,2020,11,7,12,0,4
1034,848,2020,12,8,6,0,4
1034,840,2020,6,9,8,0,-3
1034,20,2020,10,10,13,0,0
1034,822,2020,2,11,2,0,-9
1034,847,2020,15,12,19,0,3
1034,832,2020,7,13,10,0,-6
1034,841,2020,17,14,14,0,3
1034,849,2020,20,15,17,0,5
1034,154,2020,19,16,20,0,3
1034,8,2020,18,17,18,0,1
1034,826,2020,14,18,15,0,-4
1034,825,2020,16,19,16,0,-3
1034,807,2020,13,20,21,0,-7
1035,830,2020,4,1,2,1,3
1035,1,2020,2,2,1,1,0
1035,822,2020,1,3,3,1,-2
1035,844,2020,8,4,4,0,4
1035,848,2020,9,5,6,0,4
1035,840,2020,6,6,7,0,0
1035,807,2020,3,7,14,0,-4
1035,839,2020,11,8,10,0,3
1035,846,2020,10,9,5,0,1
1035,826,2020,16,10,16,0,6
1035,842,2020,7,11,12,0,-4
1035,20,2020,12,12,13,0,0
1035,832,2020,13,13,11,0,0
1035,817,2020,5,14,9,0,-9
1035,8,2020,20,15,18,0,5
1035,154,2020,14,16,21,0,-2
1035,841,2020,19,17,15,0,2
1035,847,2020,15,18,20,0,-3
1035,849,2020,18,19,19,0,-1
1035,825,2020,17,20,17,0,-3
1036,1,2020,1,1,1,1,0
1036,830,2020,3,2,2,1,1
1036,822,2020,2,3,3,1,-1
1036,840,2020,5,4,5,0,1
1036,815,2020,4,5,8,0,-1
1036,832,2020,7,6,9,0,1
1036,20,2020,11,7,11,0,4
1036,848,2020,6,8,6,0,-2
1036,842,2020,10,9,13,0,1
1036,846,2020,8,10,7,0,-2
1036,817,2020,13,11,10,0,2
1036,826,2020,12,12,16,0,0
1036,839,2020,15,13,12,0,2
1036,8,2020,14,14,18,0,0
1036,825,2020,16,15,17,0,1
1036,841,2020,20,16,15,0,4
1036,847,2020,18,17,20,0,1
1036,849,2020,19,18,19,0,1
1036,154,2020,17,19,21,0,-2
1036,844,2020,9,20,4,0,-11
1037,1,2020,1,1,1,1,0
1037,822,2020,2,2,3,1,0
1037,830,2020,3,3,2,1,0
1037,817,2020,4,4,8,0,0
1037,839,2020,6,5,10,0,1
1037,848,2020,5,6,4,0,-1
1037,846,2020,10,7,6,0,3
1037,842,2020,12,8,12,0,4
1037,840,2020,9,9,7,0,0
1037,815,2020,8,10,9,0,-2
1037,826,2020,11,11,16,0,0
1037,8,2020,16,12,18,0,4
1037,20,2020,14,13,13,0,1
1037,844,2020,13,14,5,0,-1
1037,154,2020,17,15,21,0,2
1037,849,2020,19,16,19,0,3
1037,825,2020,20,17,17,0,3
1037,841,2020,18,18,15,0,0
1037,847,2020,15,19,20,0,-4
1037,832,2020,7,20,11,0,-13
1038,842,2020,10,1,8,1,9
1038,832,2020,3,2,9,1,1
1038,840,2020,8,3,4,1,5
1038,846,2020,6,4,5,0,2
1038,822,2020,2,5,2,0,-3
1038,817,2020,7,6,10,0,1
1038,1,2020,1,7,1,0,-6
1038,839,2020,12,8,12,0,4
1038,826,2020,11,9,15,0,2
1038,815,2020,4,10,11,0,-6
1038,849,2020,20,11,18,0,9
1038,154,2020,16,12,20,0,4
1038,8,2020,14,13,19,0,1
1038,847,2020,19,14,21,0,5
1038,848,2020,9,15,6,0,-6
1038,841,2020,18,16,16,0,2
1038,830,2020,5,17,3,0,-12
1038,844,2020,13,18,7,0,-5
1038,825,2020,15,19,17,0,-4
1038,20,2020,17,20,13,0,-3
1039,1,2020,1,1,1,1,0
1039,822,2020,2,2,2,1,0
1039,848,2020,4,3,5,1,1
1039,817,2020,8,4,7,0,4
1039,815,2020,6,5,9,0,1
1039,846,2020,11,6,4,0,5
1039,826,2020,12,7,14,0,5
1039,844,2020,5,8,8,0,-3
1039,8,2020,13,9,16,0,4
1039,20,2020,14,10,13,0,4
1039,847,2020,18,11,20,0,7
1039,154,2020,15,12,21,0,3
1039,840,2020,7,13,6,0,-6
1039,839,2020,10,14,12,0,-4
1039,849,2020,19,15,19,0,4
1039,825,2020,20,16,18,0,4
1039,841,2020,17,17,17,0,0
1039,832,2020,9,18,11,0,-9
1039,830,2020,3,19,3,0,-16
1039,842,2020,16,20,10,0,-4
1040,822,2020,3,1,2,1,2
1040,830,2020,2,2,3,1,0
1040,1,2020,1,3,1,1,-2
1040,815,2020,4,4,9,0,0
1040,817,2020,5,5,6,0,0
1040,844,2020,11,6,7,0,5
1040,839,2020,7,7,12,0,0
1040,826,2020,12,8,14,0,4
1040,842,2020,9,9,10,0,0
1040,848,2020,10,10,5,0,0
1040,841,2020,17,11,17,0,6
1040,825,2020,18,12,18,0,6
1040,20,2020,15,13,13,0,2
1040,8,2020,20,14,16,0,6
1040,846,2020,8,15,4,0,-7
1040,849,2020,19,16,19,0,3
1040,154,2020,16,17,21,0,-1
1040,847,2020,14,18,20,0,-4
1040,832,2020,6,19,11,0,-13
1040,840,2020,13,20,8,0,-7
1041,1,2020,2,1,1,1,1
1041,830,2020,3,2,3,1,1
1041,817,2020,6,3,4,1,3
1041,815,2020,9,4,5,0,5
1041,832,2020,10,5,11,0,5
1041,842,2020,12,6,10,0,6
1041,844,2020,4,7,8,0,-3
1041,807,2020,20,8,15,0,12
1041,154,2020,16,9,18,0,7
1041,841,2020,14,10,16,0,4
1041,20,2020,11,11,13,0,0
1041,8,2020,19,12,17,0,7
1041,825,2020,15,13,19,0,2
1041,849,2020,18,14,20,0,4
1041,826,2020,13,15,14,0,-2
1041,846,2020,8,16,6,0,-8
1041,848,2020,5,17,7,0,-12
1041,839,2020,7,18,12,0,-11
1041,822,2020,1,19,2,0,-18
1041,847,2020,17,20,21,0,-3
1042,1,2020,1,1,1,1,0
1042,822,2020,2,2,2,1,0
1042,830,2020,3,3,3,1,0
1042,844,2020,4,4,5,0,0
1042,842,2020,9,5,9,0,4
1042,832,2020,7,6,10,0,1
1042,815,2020,5,7,6,0,-2
1042,839,2020,11,8,12,0,3
1042,817,2020,10,9,4,0,1
1042,20,2020,15,10,13,0,5
1042,8,2020,16,11,17,0,5
1042,848,2020,6,12,8,0,-6
1042,846,2020,8,13,7,0,-5
1042,847,2020,14,14,21,0,0
1042,841,2020,17,15,16,0,2
1042,825,2020,19,16,19,0,3
1042,154,2020,18,17,18,0,1
1042,849,2020,20,18,20,0,2
1042,826,2020,13,19,14,0,-6
1042,840,2020,12,20,11,0,-8
1043,1,2020,2,1,1,1,1
1043,822,2020,1,2,2,1,-1
1043,817,2020,5,3,4,1,2
1043,826,2020,8,4,13,0,4
1043,844,2020,7,5,5,0,2
1043,815,2020,11,6,6,0,5
1043,832,2020,10,7,8,0,3
1043,846,2020,9,8,7,0,1
1043,8,2020,18,9,16,0,9
1043,841,2020,20,10,17,0,10
1043,849,2020,19,11,20,0,8
1043,20,2020,14,12,14,0,2
1043,840,2020,15,13,11,0,2
1043,154,2020,16,14,18,0,2
1043,848,2020,6,15,9,0,-9
1043,847,2020,13,16,21,0,-3
1043,830,2020,3,17,3,0,-14
1043,825,2020,17,18,19,0,-1
1043,839,2020,12,19,12,0,-7
1043,842,2020,4,20,10,0,-16
1044,1,2020,6,1,1,1,5
1044,815,2020,3,2,4,1,1
1044,20,2020,12,3,13,1,9
1044,844,2020,14,4,5,0,10
1044,832,2020,13,5,7,0,8
1044,830,2020,2,6,3,0,-4
1044,848,2020,4,7,9,0,-3
1044,846,2020,11,8,8,0,3
1044,840,2020,1,9,11,0,-8
1044,817,2020,5,10,6,0,-5
1044,839,2020,7,11,12,0,-4
1044,826,2020,17,12,14,0,5
1044,842,2020,15,13,10,0,2
1044,822,2020,9,14,2,0,-5
1044,8,2020,8,15,16,0,-7
1044,847,2020,18,16,21,0,2
1044,825,2020,16,17,19,0,-1
1044,154,2020,19,18,18,0,1
1044,849,2020,20,19,20,0,1
1044,841,2020,10,20,17,0,-10
1045,1,2020,1,1,1,1,0
1045,830,2020,3,2,3,1,1
1045,848,2020,4,3,9,1,1
1045,846,2020,9,4,7,0,5
1045,832,2020,15,5,8,0,10
1045,842,2020,8,6,10,0,2
1045,817,2020,6,7,4,0,-1
1045,822,2020,2,8,2,0,-6
1045,839,2020,7,9,12,0,-2
1045,844,2020,12,10,6,0,2
1045,826,2020,10,11,14,0,-1
1045,847,2020,14,12,21,0,2
1045,20,2020,11,13,13,0,-2
1045,849,2020,20,14,20,0,6
1045,8,2020,17,15,16,0,2
1045,841,2020,16,16,17,0,0
1045,825,2020,18,17,19,0,1
1045,815,2020,5,18,5,0,-13
1045,840,2020,13,19,11,0,-6
1045,154,2020,19,20,18,0,-1
1046,815,2020,5,1,4,1,4
1046,839,2020,11,2,12,1,9
1046,840,2020,10,3,10,1,7
1046,832,2020,8,4,7,0,4
1046,817,2020,7,5,5,0,2
1046,848,2020,12,6,8,0,6
1046,826,2020,6,7,14,0,-1
1046,822,2020,1,8,2,0,-7
1046,847,2020,2,9,18,0,-7
1046,846,2020,15,10,9,0,5
1046,842,2020,9,11,11,0,-2
1046,20,2020,13,12,13,0,1
1046,841,2020,14,13,17,0,1
1046,8,2020,19,14,16,0,5
1046,825,2020,16,15,20,0,1
1046,851,2020,18,16,22,0,2
1046,850,2020,20,17,23,0,3
1046,849,2020,17,18,21,0,-1
1046,830,2020,3,19,3,0,-16
1046,844,2020,4,20,6,0,-16
1047,830,2020,1,1,3,1,0
1047,822,2020,2,2,2,1,0
1047,1,2020,3,3,1,1,0
1047,848,2020,5,4,7,0,1
1047,846,2020,4,5,9,0,-1
1047,832,2020,6,6,6,0,0
1047,817,2020,12,7,5,0,5
1047,842,2020,10,8,10,0,2
1047,839,2020,11,9,12,0,2
1047,840,2020,8,10,11,0,-2
1047,826,2020,7,11,14,0,-4
1047,8,2020,16,12,16,0,4
1047,844,2020,9,13,8,0,-4
1047,20,2020,13,14,13,0,-1
1047,847,2020,18,15,18,0,3
1047,841,2020,14,16,17,0,-2
1047,849,2020,20,17,21,0,3
1047,825,2020,17,18,20,0,-1
1047,850,2020,19,19,23,0,0
1047,815,2020,15,20,4,0,-5
1052,1,2021,2,1,1,1,1
1052,830,2021,1,2,2,1,-1
1052,822,2021,3,3,3,1,0
1052,846,2021,7,4,4,0,3
1052,815,2021,11,5,5,0,6
1052,844,2021,4,6,6,0,-2
1052,817,2021,6,7,7,0,-1
1052,832,2021,8,8,8,0,0
1052,852,2021,13,9,9,0,4
1052,840,2021,10,10,10,0,0
1052,8,2021,14,11,11,0,3
1052,841,2021,12,12,12,0,0
1052,839,2021,16,13,13,0,3
1052,847,2021,15,14,14,0,1
1052,20,2021,18,15,15,0,3
1052,854,2021,19,16,16,0,3
1052,842,2021,5,17,17,0,-12
1052,849,2021,17,18,18,0,-1
1052,4,2021,9,19,19,0,-10
1052,853,2021,20,20,20,0,0
1053,830,2021,3,1,2,1,2
1053,1,2021,1,2,1,1,-1
1053,846,2021,7,3,3,1,4
1053,844,2021,4,4,4,0,0
1053,832,2021,11,5,6,0,6
1053,817,2021,6,6,7,0,0
1053,842,2021,5,7,9,0,-2
1053,840,2021,10,8,10,0,2
1053,839,2021,9,9,12,0,0
1053,4,2021,15,10,13,0,5
1053,815,2021,2,11,8,0,-9
1053,852,2021,20,12,11,0,8
1053,8,2021,16,13,14,0,3
1053,841,2021,17,14,15,0,3
1053,20,2021,13,15,17,0,-2
1053,854,2021,18,16,18,0,2
1053,853,2021,19,17,19,0,2
1053,822,2021,8,18,5,0,-10
1053,847,2021,12,19,16,0,-7
1053,849,2021,14,20,20,0,-6
1054,1,2021,2,1,1,1,1
1054,830,2021,3,2,2,1,1
1054,822,2021,1,3,4,1,-2
1054,815,2021,4,4,6,0,0
1054,846,2021,7,5,3,0,2
1054,844,2021,8,6,5,0,2
1054,839,2021,6,7,9,0,-1
1054,4,2021,13,8,12,0,5
1054,817,2021,16,9,7,0,7
1054,842,2021,9,10,10,0,-1
1054,832,2021,5,11,8,0,-6
1054,841,2021,12,12,15,0,0
1054,20,2021,10,13,16,0,-3
1054,840,2021,17,14,11,0,3
1054,852,2021,14,15,13,0,-1
1054,847,2021,11,16,17,0,-5
1054,854,2021,19,17,18,0,2
1054,849,2021,18,18,20,0,0
1054,853,2021,20,19,19,0,1
1054,8,2021,15,20,14,0,-5
1055,1,2021,1,1,1,1,0
1055,830,2021,2,2,2,1,0
1055,822,2021,3,3,3,1,0
1055,844,2021,4,4,5,0,0
1055,815,2021,8,5,6,0,3
1055,817,2021,7,6,7,0,1
1055,832,2021,6,7,8,0,-1
1055,846,2021,9,8,4,0,1
1055,839,2021,5,9,9,0,-4
1055,842,2021,12,10,10,0,2
1055,840,2021,11,11,11,0,0
1055,8,2021,17,12,14,0,5
1055,20,2021,13,13,16,0,0
1055,847,2021,15,14,17,0,1
1055,841,2021,14,15,15,0,-1
1055,849,2021,19,16,19,0,3
1055,4,2021,10,17,12,0,-7
1055,854,2021,18,18,18,0,0
1055,853,2021,20,19,20,0,1
1055,852,2021,16,20,13,0,-4
1056,832,2021,4,2,7,1,2
1056,830,2021,2,1,1,1,1
1056,846,2021,5,3,3,1,2
1056,815,2021,9,4,5,0,5
1056,20,2021,8,5,11,0,3
1056,842,2021,6,6,9,0,0
1056,1,2021,7,7,2,0,0
1056,840,2021,13,8,12,0,5
1056,839,2021,11,9,10,0,2
1056,841,2021,10,10,15,0,0
1056,8,2021,14,11,16,0,3
1056,817,2021,12,12,8,0,0
1056,4,2021,17,13,13,0,4
1056,847,2021,15,14,17,0,1
1056,849,2021,18,15,18,0,3
1056,852,2021,16,16,14,0,0
1056,853,2021,19,17,20,0,2
1056,822,2021,3,19,4,0,-16
1056,844,2021,1,20,6,0,-19
1057,815,2021,7,1,3,1,6
1057,20,2021,11,2,9,1,9
1057,842,2021,4,3,8,1,1
1057,844,2021,1,4,5,0,-3
1057,846,2021,6,5,4,0,1
1057,4,2021,9,6,11,0,3
1057,852,2021,8,7,14,0,1
1057,832,2021,5,8,7,0,-3
1057,817,2021,13,9,10,0,4
1057,8,2021,14,10,15,0,4
1057,841,2021,20,11,16,0,9
1057,822,2021,10,12,6,0,-2
1057,854,2021,17,13,17,0,4
1057,853,2021,18,14,19,0,4
1057,1,2021,2,15,2,0,-13
1057,849,2021,16,16,20,0,0
1057,847,2021,15,17,18,0,-2
1057,830,2021,3,18,1,0,-15
1057,840,2021,19,19,13,0,0
1057,839,2021,12,20,12,0,-8
1059,830,2021,1,1,1,1,0
1059,1,2021,2,2,2,1,0
1059,815,2021,4,3,3,1,1
1059,822,2021,3,4,5,0,-1
1059,846,2021,8,5,4,0,3
1059,817,2021,10,6,9,0,4
1059,842,2021,6,7,8,0,-1
1059,4,2021,9,8,11,0,1
1059,20,2021,12,9,10,0,3
1059,840,2021,19,10,13,0,9
1059,832,2021,5,11,7,0,-6
1059,847,2021,14,12,17,0,2
1059,852,2021,20,13,14,0,7
1059,839,2021,11,14,12,0,-3
1059,841,2021,13,15,16,0,-2
1059,844,2021,7,16,6,0,-9
1059,8,2021,17,17,15,0,0
1059,849,2021,16,18,20,0,-2
1059,854,2021,15,19,18,0,-4
1059,853,2021,18,20,19,0,-2
1058,830,2021,1,1,1,1,0
1058,1,2021,3,2,2,1,1
1058,822,2021,2,3,5,1,-1
1058,815,2021,5,4,3,0,1
1058,846,2021,4,5,4,0,-1
1058,832,2021,12,6,7,0,6
1058,844,2021,7,7,6,0,0
1058,840,2021,10,8,12,0,2
1058,4,2021,9,9,11,0,0
1058,852,2021,8,10,14,0,-2
1058,8,2021,18,11,15,0,7
1058,20,2021,14,12,10,0,2
1058,817,2021,13,13,9,0,0
1058,839,2021,17,14,13,0,3
1058,841,2021,15,15,16,0,0
1058,854,2021,19,16,18,0,3
1058,849,2021,16,17,20,0,-1
1058,853,2021,20,18,19,0,2
1058,847,2021,11,19,17,0,-8
1058,842,2021,6,20,8,0,-14
1060,830,2021,1,1,1,1,0
1060,822,2021,5,2,5,1,3
1060,846,2021,2,3,4,1,-1
1060,1,2021,4,4,2,0,0
1060,832,2021,11,5,7,0,6
1060,815,2021,3,6,3,0,-3
1060,817,2021,13,7,8,0,6
1060,844,2021,12,8,6,0,4
1060,842,2021,6,9,9,0,-3
1060,4,2021,14,10,11,0,4
1060,847,2021,9,11,17,0,-2
1060,852,2021,7,12,14,0,-5
1060,840,2021,10,13,12,0,-3
1060,841,2021,15,14,16,0,1
1060,8,2021,16,15,15,0,1
1060,849,2021,18,16,20,0,2
1060,20,2021,8,17,10,0,-9
1060,854,2021,19,18,18,0,1
1060,853,2021,20,19,19,0,1
1060,839,2021,17,20,13,0,-3
1061,1,2021,1,1,2,1,0
1061,844,2021,4,2,6,1,2
1061,822,2021,3,3,4,1,0
1061,846,2021,6,4,3,0,2
1061,817,2021,7,5,8,0,2
1061,832,2021,9,6,7,0,3
1061,4,2021,11,7,11,0,4
1061,840,2021,15,8,12,0,7
1061,839,2021,13,9,13,0,4
1061,852,2021,16,10,14,0,6
1061,842,2021,12,11,9,0,1
1061,847,2021,8,12,17,0,-4
1061,841,2021,14,13,16,0,1
1061,849,2021,18,14,19,0,4
1061,8,2021,17,15,15,0,2
1061,815,2021,5,16,5,0,-11
1061,853,2021,20,17,20,0,3
1061,854,2021,19,18,18,0,1
1061,20,2021,10,19,10,0,-9
1061,830,2021,2,20,1,0,-18
1062,839,2021,8,1,10,1,7
1062,1,2021,1,2,1,1,-1
1062,832,2021,15,3,6,1,12
1062,4,2021,9,4,11,0,5
1062,842,2021,5,5,8,0,0
1062,852,2021,16,6,13,0,10
1062,849,2021,18,7,15,0,11
1062,847,2021,17,8,16,0,9
1062,830,2021,3,9,2,0,-6
1062,8,2021,13,10,17,0,3
1062,817,2021,11,11,9,0,0
1062,854,2021,20,12,19,0,8
1062,841,2021,14,13,18,0,1
1062,853,2021,19,14,20,0,5
1062,846,2021,6,15,3,0,-9
1062,822,2021,2,16,4,0,-14
1062,815,2021,4,17,5,0,-13
1062,844,2021,7,18,7,0,-11
1062,840,2021,12,19,14,0,-7
1062,20,2021,10,20,12,0,-10
1063,830,2021,1,1,2,1,0
1063,847,2021,2,2,15,1,0
1063,1,2021,3,3,1,1,0
1063,817,2021,4,4,8,0,0
1063,20,2021,5,5,12,0,0
1063,842,2021,6,6,9,0,0
1063,839,2021,9,7,10,0,2
1063,844,2021,11,8,7,0,3
1063,849,2021,12,9,16,0,3
1063,832,2021,13,10,6,0,3
1063,4,2021,14,11,11,0,3
1063,822,2021,8,12,4,0,-4
1063,841,2021,16,13,18,0,3
1063,846,2021,10,14,3,0,-4
1063,852,2021,17,15,13,0,2
1063,854,2021,18,16,19,0,2
1063,853,2021,20,17,20,0,3
1063,8,2021,19,18,17,0,1
1063,815,2021,7,19,5,0,-12
1063,840,2021,15,20,14,0,-5
1064,830,2021,1,1,1,1,0
1064,1,2021,2,2,2,1,0
1064,822,2021,3,3,3,1,0
1064,842,2021,4,4,8,0,0
1064,844,2021,5,5,6,0,0
1064,4,2021,9,6,10,0,3
1064,832,2021,6,7,7,0,-1
1064,815,2021,16,8,5,0,8
1064,839,2021,8,9,11,0,-1
1064,846,2021,13,10,4,0,3
1064,817,2021,10,11,9,0,-1
1064,840,2021,12,12,14,0,0
1064,20,2021,17,13,12,0,4
1064,841,2021,7,14,18,0,-7
1064,9,2021,18,15,21,0,3
1064,849,2021,14,16,16,0,-2
1064,847,2021,11,17,15,0,-6
1064,854,2021,19,18,19,0,1
1064,852,2021,15,19,13,0,-4
1064,853,2021,20,20,20,0,0
1065,817,2021,5,1,8,1,4
1065,846,2021,4,2,4,1,2
1065,822,2021,1,3,3,1,-2
1065,844,2021,8,4,6,0,4
1065,815,2021,9,5,5,0,4
1065,832,2021,7,6,7,0,1
1065,840,2021,12,7,13,0,5
1065,4,2021,13,8,10,0,5
1065,847,2021,15,9,15,0,6
1065,839,2021,14,10,11,0,4
1065,849,2021,16,11,16,0,5
1065,20,2021,11,12,12,0,-1
1065,841,2021,10,13,18,0,-3
1065,9,2021,19,14,20,0,5
1065,854,2021,18,15,19,0,3
1065,853,2021,20,16,21,0,4
1065,1,2021,2,17,2,0,-15
1065,830,2021,3,18,1,0,-15
1065,842,2021,6,19,9,0,-13
1065,852,2021,17,20,14,0,-3
1066,1,2021,4,1,1,1,3
1066,830,2021,20,2,2,1,18
1066,832,2021,2,3,6,1,-1
1066,817,2021,5,4,8,0,1
1066,822,2021,7,5,3,0,2
1066,4,2021,6,6,10,0,0
1066,846,2021,1,7,4,0,-6
1066,8,2021,16,8,17,0,8
1066,815,2021,9,9,5,0,0
1066,847,2021,3,10,15,0,-7
1066,840,2021,8,11,13,0,-3
1066,20,2021,11,12,12,0,-1
1066,842,2021,12,13,9,0,-1
1066,839,2021,10,14,11,0,-4
1066,844,2021,15,15,7,0,0
1066,841,2021,18,16,18,0,2
1066,852,2021,13,17,14,0,-4
1066,853,2021,19,18,21,0,1
1066,849,2021,14,19,16,0,-5
1066,854,2021,17,20,19,0,-3
1067,822,2021,2,1,3,1,1
1067,830,2021,3,2,1,1,1
1067,815,2021,7,3,5,1,4
1067,844,2021,4,4,7,0,0
1067,1,2021,1,5,2,0,-4
1067,842,2021,5,6,9,0,-1
1067,846,2021,8,7,4,0,1
1067,832,2021,15,8,6,0,7
1067,840,2021,9,9,13,0,0
1067,839,2021,12,10,11,0,2
1067,841,2021,18,11,18,0,7
1067,8,2021,19,12,17,0,7
1067,817,2021,16,13,8,0,3
1067,852,2021,10,14,14,0,-4
1067,847,2021,13,15,15,0,-2
1067,4,2021,6,16,10,0,-10
1067,849,2021,17,17,16,0,0
1067,20,2021,11,18,12,0,-7
1067,854,2021,14,19,19,0,-5
1067,853,2021,20,20,21,0,0
1069,830,2021,1,1,1,1,0
1069,1,2021,2,2,2,1,0
1069,815,2021,3,3,4,1,0
1069,844,2021,5,4,6,0,1
1069,817,2021,7,5,8,0,2
1069,822,2021,4,6,3,0,-2
1069,832,2021,6,7,7,0,-1
1069,846,2021,8,8,5,0,0
1069,852,2021,10,9,14,0,1
1069,20,2021,12,10,12,0,2
1069,841,2021,13,11,18,0,2
1069,840,2021,16,12,13,0,4
1069,8,2021,18,13,17,0,5
1069,847,2021,15,14,15,0,1
1069,849,2021,17,15,16,0,2
1069,854,2021,19,16,19,0,3
1069,853,2021,20,17,21,0,3
1069,4,2021,14,18,10,0,-4
1069,839,2021,11,19,11,0,-8
1069,842,2021,9,20,9,0,-11
1070,830,2021,3,1,1,1,2
1070,1,2021,2,2,2,1,0
1070,815,2021,4,3,4,1,1
1070,842,2021,5,4,9,0,1
1070,844,2021,8,5,6,0,3
1070,832,2021,6,6,7,0,0
1070,20,2021,11,7,12,0,4
1070,8,2021,12,8,16,0,4
1070,4,2021,16,9,10,0,7
1070,846,2021,10,10,5,0,0
1070,841,2021,14,11,18,0,3
1070,817,2021,7,12,8,0,-5
1070,839,2021,15,13,11,0,2
1070,840,2021,20,14,13,0,6
1070,822,2021,1,15,3,0,-14
1070,847,2021,13,16,15,0,-3
1070,849,2021,17,17,17,0,0
1070,853,2021,19,18,21,0,1
1070,854,2021,18,19,19,0,-1
1070,852,2021,9,20,14,0,-11
1071,1,2021,1,1,2,1,0
1071,830,2021,2,2,1,1,0
1071,822,2021,3,3,3,1,0
1071,815,2021,4,4,4,0,0
1071,844,2021,7,5,6,0,2
1071,832,2021,6,6,7,0,0
1071,842,2021,5,7,9,0,-2
1071,839,2021,11,8,11,0,3
1071,4,2021,10,9,10,0,1
1071,846,2021,8,10,5,0,-2
1071,20,2021,12,11,12,0,1
1071,8,2021,14,12,16,0,2
1071,847,2021,18,13,15,0,5
1071,841,2021,15,14,18,0,1
1071,852,2021,13,15,14,0,-2
1071,849,2021,17,16,17,0,1
1071,853,2021,20,17,21,0,3
1071,854,2021,19,18,19,0,1
1071,817,2021,9,19,8,0,-10
1071,840,2021,16,20,13,0,-4
1051,1,2021,1,1,2,1,0
1051,830,2021,2,2,1,1,0
1051,4,2021,5,3,10,1,2
1051,815,2021,11,4,4,0,7
1051,839,2021,9,5,11,0,4
1051,840,2021,12,6,13,0,6
1051,832,2021,7,7,7,0,0
1051,844,2021,13,8,6,0,5
1051,846,2021,6,9,5,0,-3
1051,20,2021,10,10,12,0,0
1051,842,2021,4,11,9,0,-7
1051,817,2021,14,12,8,0,2
1051,852,2021,8,13,14,0,-5
1051,8,2021,16,14,16,0,2
1051,841,2021,18,15,18,0,3
1051,854,2021,19,16,19,0,3
1051,847,2021,15,17,15,0,-2
1051,853,2021,20,18,21,0,2
1051,849,2021,17,19,17,0,-2
1051,822,2021,3,20,3,0,-17
1072,1,2021,1,1,2,1,0
1072,830,2021,3,2,1,1,1
1072,822,2021,2,3,3,1,-1
1072,839,2021,9,4,11,0,5
1072,817,2021,11,5,8,0,6
1072,842,2021,6,6,9,0,0
1072,844,2021,4,7,5,0,-3
1072,832,2021,15,8,7,0,7
1072,841,2021,10,9,18,0,1
1072,846,2021,7,10,6,0,-3
1072,840,2021,18,11,13,0,7
1072,849,2021,16,12,17,0,4
1072,4,2021,13,13,10,0,0
1072,852,2021,8,14,14,0,-6
1072,8,2021,12,15,16,0,-3
1072,20,2021,17,16,12,0,1
1072,815,2021,5,17,4,0,-12
1072,853,2021,20,18,21,0,2
1072,847,2021,14,19,15,0,-5
1072,854,2021,19,20,19,0,-1
1073,830,2021,1,1,1,1,0
1073,1,2021,2,2,2,1,0
1073,832,2021,5,3,5,1,2
1073,852,2021,8,4,14,0,4
1073,842,2021,12,5,9,0,7
1073,822,2021,6,6,3,0,0
1073,846,2021,3,7,6,0,-4
1073,4,2021,11,8,10,0,3
1073,839,2021,9,9,11,0,0
1073,844,2021,7,10,7,0,-3
1073,20,2021,15,11,12,0,4
1073,817,2021,10,12,8,0,-2
1073,840,2021,13,13,13,0,0
1073,854,2021,19,14,19,0,5
1073,815,2021,4,15,4,0,-11
1073,849,2021,16,16,17,0,0
1073,841,2021,14,17,18,0,-3
1073,847,2021,17,18,15,0,-1
1073,8,2021,18,19,16,0,-1
1073,853,2021,20,20,21,0,0
1074,844,2022,1,1,1,1,0
1074,832,2022,3,2,2,1,1
1074,1,2022,5,3,3,1,2
1074,847,2022,9,4,4,0,5
1074,825,2022,7,5,5,0,2
1074,822,2022,6,6,6,0,0
1074,839,2022,11,7,7,0,4
1074,852,2022,16,8,8,0,8
1074,4,2022,8,9,9,0,-1
1074,855,2022,15,10,10,0,5
1074,854,2022,12,11,11,0,1
1074,840,2022,19,12,12,0,7
1074,848,2022,14,13,13,0,1
1074,817,2022,18,14,14,0,4
1074,846,2022,13,15,15,0,-2
1074,849,2022,20,16,16,0,4
1074,807,2022,17,17,17,0,0
1074,815,2022,4,18,18,0,-14
1074,830,2022,2,19,19,0,-17
1074,842,2022,10,20,20,0,-10
1075,830,2022,4,1,3,1,3
1075,844,2022,2,2,1,1,0
1075,832,2022,3,3,2,1,0
1075,815,2022,1,4,7,0,-3
1075,847,2022,6,5,4,0,1
1075,839,2022,5,6,6,0,-1
1075,846,2022,11,7,10,0,4
1075,842,2022,9,8,12,0,1
1075,825,2022,10,9,8,0,1
1075,1,2022,16,10,5,0,6
1075,855,2022,13,11,14,0,2
1075,807,2022,18,12,17,0,6
1075,840,2022,15,13,16,0,2
1075,848,2022,17,14,18,0,3
1075,822,2022,8,15,9,0,-7
1075,4,2022,7,16,13,0,-9
1075,817,2022,12,17,19,0,-5
1075,849,2022,19,18,20,0,1
1075,852,2022,20,19,11,0,1
1075,854,2022,14,20,15,0,-6
1076,844,2022,1,1,1,1,0
1076,815,2022,3,2,4,1,1
1076,847,2022,6,3,2,1,3
1076,1,2022,5,4,5,0,1
1076,846,2022,4,5,8,0,-1
1076,817,2022,7,6,11,0,1
1076,839,2022,8,7,7,0,1
1076,822,2022,12,8,10,0,4
1076,842,2022,11,9,12,0,2
1076,848,2022,16,10,16,0,6
1076,855,2022,14,11,15,0,3
1076,840,2022,20,12,18,0,8
1076,854,2022,15,13,17,0,2
1076,825,2022,17,14,9,0,3
1076,852,2022,13,15,13,0,-2
1076,849,2022,19,16,20,0,3
1076,4,2022,10,17,14,0,-7
1076,830,2022,2,18,6,0,-16
1076,20,2022,18,19,21,0,-1
1076,832,2022,9,20,3,0,-11
1077,830,2022,1,1,2,1,0
1077,815,2022,7,2,3,1,5
1077,846,2022,3,3,6,1,0
1077,847,2022,11,4,4,0,7
1077,822,2022,8,5,8,0,3
1077,844,2022,2,6,1,0,-4
1077,852,2022,16,7,12,0,9
1077,20,2022,9,8,14,0,1
1077,825,2022,4,9,10,0,-5
1077,840,2022,15,10,18,0,5
1077,848,2022,20,11,17,0,9
1077,842,2022,17,12,13,0,5
1077,1,2022,13,13,7,0,0
1077,839,2022,19,14,9,0,5
1077,855,2022,14,15,16,0,-1
1077,849,2022,18,16,21,0,2
1077,854,2022,12,17,19,0,-5
1077,817,2022,6,18,11,0,-12
1077,4,2022,5,19,15,0,-14
1077,832,2022,10,20,5,0,-10
1078,830,2022,3,1,2,1,2
1078,844,2022,1,2,1,1,-1
1078,832,2022,2,3,5,1,-1
1078,815,2022,4,4,3,0,0
1078,847,2022,12,5,4,0,7
1078,1,2022,6,6,6,0,0
1078,822,2022,5,7,8,0,-2
1078,839,2022,20,8,9,0,12
1078,848,2022,18,9,15,0,9
1078,840,2022,10,10,17,0,0
1078,4,2022,11,11,16,0,0
1078,852,2022,9,12,12,0,-3
1078,817,2022,14,13,11,0,1
1078,849,2022,19,14,21,0,5
1078,854,2022,15,15,19,0,0
1078,825,2022,16,16,10,0,0
1078,20,2022,13,17,14,0,-4
1078,842,2022,7,18,13,0,-11
1078,846,2022,8,19,7,0,-11
1078,855,2022,17,20,18,0,-3
1079,830,2022,2,1,1,1,1
1079,815,2022,5,2,3,1,3
1079,847,2022,4,3,4,1,1
1079,832,2022,3,4,5,0,-1
1079,1,2022,6,5,6,0,1
1079,822,2022,7,6,8,0,1
1079,839,2022,12,7,9,0,5
1079,846,2022,11,8,7,0,3
1079,4,2022,17,9,15,0,8
1079,852,2022,13,10,11,0,3
1079,20,2022,16,11,14,0,5
1079,817,2022,9,12,12,0,-3
1079,842,2022,14,13,13,0,1
1079,854,2022,10,14,19,0,-4
1079,840,2022,18,15,17,0,3
1079,849,2022,20,16,21,0,4
1079,825,2022,8,17,10,0,-9
1079,848,2022,19,18,16,0,1
1079,855,2022,15,19,18,0,-4
1079,844,2022,1,20,2,0,-19
1080,815,2022,3,1,3,1,2
1080,832,2022,2,2,5,1,0
1080,830,2022,4,3,1,1,1
1080,844,2022,1,4,2,0,-3
1080,847,2022,6,5,4,0,1
1080,846,2022,5,6,7,0,-1
1080,4,2022,7,7,13,0,0
1080,1,2022,8,8,6,0,0
1080,822,2022,12,9,8,0,3
1080,20,2022,9,10,15,0,-1
1080,842,2022,17,11,14,0,6
1080,839,2022,10,12,9,0,-2
1080,817,2022,14,13,11,0,1
1080,840,2022,18,14,17,0,4
1080,849,2022,19,15,21,0,4
1080,855,2022,20,16,18,0,4
1080,852,2022,11,17,12,0,-6
1080,848,2022,16,18,16,0,-2
1080,854,2022,15,19,19,0,-4
1080,825,2022,13,20,10,0,-7
1081,830,2022,3,1,1,1,2
1081,815,2022,2,2,2,1,0
1081,847,2022,5,3,4,1,2
1081,1,2022,7,4,6,0,3
1081,842,2022,6,5,10,0,1
1081,20,2022,9,6,14,0,3
1081,4,2022,10,7,11,0,3
1081,817,2022,12,8,13,0,4
1081,846,2022,11,9,7,0,2
1081,839,2022,13,10,9,0,3
1081,822,2022,15,11,8,0,4
1081,848,2022,17,12,16,0,5
1081,852,2022,8,13,15,0,-5
1081,854,2022,20,14,19,0,6
1081,849,2022,18,15,21,0,3
1081,840,2022,19,16,17,0,3
1081,825,2022,16,17,12,0,-1
1081,855,2022,14,18,18,0,-4
1081,844,2022,1,19,3,0,-18
1081,832,2022,4,20,5,0,-16
1082,830,2022,1,1,1,1,0
1082,832,2022,3,2,5,1,1
1082,1,2022,4,3,6,1,1
1082,847,2022,8,4,4,0,4
1082,844,2022,15,5,3,0,10
1082,839,2022,7,6,9,0,1
1082,822,2022,11,7,8,0,4
1082,855,2022,10,8,16,0,2
1082,4,2022,2,9,10,0,-7
1082,840,2022,18,10,18,0,8
1082,817,2022,9,11,13,0,-2
1082,20,2022,17,12,14,0,5
1082,848,2022,12,13,17,0,-1
1082,842,2022,16,14,11,0,2
1082,846,2022,14,15,7,0,-1
1082,849,2022,19,16,21,0,3
1082,825,2022,5,17,12,0,-12
1082,852,2022,20,18,15,0,2
1082,854,2022,6,19,19,0,-13
1082,815,2022,13,20,2,0,-7
1083,832,2022,1,1,4,1,0
1083,815,2022,4,2,2,1,2
1083,1,2022,5,3,6,1,2
1083,844,2022,3,4,3,0,-1
1083,4,2022,7,5,10,0,2
1083,846,2022,6,6,7,0,0
1083,830,2022,2,7,1,0,-5
1083,854,2022,19,8,17,0,11
1083,20,2022,18,9,13,0,9
1083,825,2022,17,10,12,0,7
1083,840,2022,20,11,19,0,9
1083,849,2022,10,12,20,0,-2
1083,817,2022,14,13,14,0,1
1083,852,2022,13,14,15,0,-1
1083,839,2022,15,15,9,0,0
1083,842,2022,11,16,11,0,-5
1083,822,2022,12,17,8,0,-5
1083,847,2022,8,18,5,0,-10
1083,855,2022,9,19,16,0,-10
1083,848,2022,16,20,18,0,-4
1084,844,2022,2,1,2,1,1
1084,830,2022,1,2,1,1,-1
1084,1,2022,9,3,6,1,6
1084,847,2022,4,4,5,0,0
1084,839,2022,5,5,8,0,0
1084,854,2022,7,6,15,0,1
1084,846,2022,15,7,7,0,8
1084,825,2022,6,8,11,0,-2
1084,817,2022,16,9,12,0,7
1084,4,2022,8,10,10,0,-2
1084,822,2022,12,11,9,0,1
1084,848,2022,11,12,18,0,-1
1084,840,2022,17,13,19,0,4
1084,855,2022,18,14,17,0,4
1084,842,2022,10,15,13,0,-5
1084,852,2022,14,16,16,0,-2
1084,20,2022,20,17,14,0,3
1084,832,2022,3,18,4,0,-15
1084,849,2022,19,19,20,0,0
1084,815,2022,13,20,3,0,-7
1085,830,2022,2,1,1,1,1
1085,1,2022,4,2,6,1,2
1085,847,2022,6,3,5,1,3
1085,815,2022,3,4,3,0,-1
1085,832,2022,9,5,4,0,4
1085,4,2022,7,6,10,0,1
1085,846,2022,5,7,7,0,-2
1085,839,2022,12,8,8,0,4
1085,817,2022,11,9,12,0,2
1085,840,2022,17,10,18,0,7
1085,20,2022,14,11,14,0,3
1085,842,2022,16,12,13,0,4
1085,848,2022,15,13,19,0,2
1085,822,2022,13,14,9,0,-1
1085,854,2022,19,15,15,0,4
1085,855,2022,18,16,17,0,2
1085,849,2022,20,17,20,0,3
1085,825,2022,10,18,11,0,-8
1085,844,2022,1,19,2,0,-18
1085,852,2022,8,20,16,0,-12
1086,830,2022,10,1,1,1,9
1086,1,2022,7,2,6,1,5
1086,847,2022,1,3,4,1,-2
1086,832,2022,2,4,5,0,-2
1086,815,2022,11,5,3,0,6
1086,844,2022,3,6,2,0,-3
1086,846,2022,4,7,7,0,-3
1086,4,2022,6,8,10,0,-2
1086,839,2022,5,9,8,0,-4
1086,20,2022,18,10,14,0,8
1086,840,2022,14,11,18,0,3
1086,842,2022,19,12,13,0,7
1086,855,2022,12,13,17,0,-1
1086,854,2022,15,14,15,0,1
1086,817,2022,9,15,12,0,-6
1086,825,2022,13,16,11,0,-3
1086,848,2022,17,17,19,0,0
1086,849,2022,20,18,20,0,2
1086,852,2022,16,19,16,0,-3
1086,822,2022,8,20,9,0,-12
1087,830,2022,1,1,1,1,0
1087,815,2022,3,2,2,1,1
1087,832,2022,2,3,4,1,-1
1087,847,2022,8,4,5,0,4
1087,4,2022,6,5,9,0,1
1087,844,2022,4,6,3,0,-2
1087,839,2022,5,7,8,0,-2
1087,20,2022,16,8,12,0,8
1087,842,2022,12,9,14,0,3
1087,848,2022,9,10,18,0,-1
1087,840,2022,14,11,19,0,3
1087,846,2022,10,12,7,0,-2
1087,852,2022,19,13,16,0,6
1087,855,2022,13,14,17,0,-1
1087,817,2022,11,15,13,0,-4
1087,825,2022,18,16,11,0,2
1087,854,2022,15,17,15,0,-2
1087,849,2022,17,18,20,0,-1
1087,822,2022,20,19,10,0,1
1087,1,2022,7,20,6,0,-13
1088,830,2022,1,1,1,1,0
1088,847,2022,6,2,4,1,4
1088,844,2022,2,3,2,1,-1
1088,1,2022,4,4,6,0,0
1088,815,2022,5,5,3,0,0
1088,4,2022,13,6,9,0,7
1088,846,2022,7,7,7,0,0
1088,832,2022,3,8,5,0,-5
1088,839,2022,12,9,8,0,3
1088,840,2022,10,10,18,0,0
1088,842,2022,11,11,14,0,0
1088,848,2022,15,12,19,0,3
1088,854,2022,8,13,15,0,-5
1088,20,2022,19,14,12,0,5
1088,825,2022,18,15,11,0,3
1088,855,2022,14,16,17,0,-2
1088,817,2022,17,17,13,0,0
1088,849,2022,20,18,20,0,2
1088,822,2022,16,19,10,0,-3
1088,852,2022,9,20,16,0,-11
1089,830,2022,2,1,1,1,1
1089,844,2022,1,2,2,1,-1
1089,847,2022,6,3,4,1,3
1089,832,2022,3,4,5,0,-1
1089,1,2022,5,5,6,0,0
1089,815,2022,4,6,3,0,-2
1089,846,2022,7,7,7,0,0
1089,842,2022,9,8,11,0,1
1089,856,2022,13,9,20,0,4
1089,855,2022,14,10,17,0,4
1089,839,2022,11,11,8,0,0
1089,854,2022,20,12,15,0,8
1089,822,2022,12,13,10,0,-1
1089,852,2022,15,14,16,0,1
1089,849,2022,16,15,21,0,1
1089,825,2022,19,16,12,0,3
1089,817,2022,8,17,14,0,-9
1089,840,2022,18,18,18,0,0
1089,4,2022,10,19,9,0,-9
1089,20,2022,17,20,13,0,-3
1091,815,2022,2,1,3,1,1
1091,844,2022,1,2,2,1,-1
1091,832,2022,4,3,5,1,1
1091,846,2022,6,4,7,0,2
1091,817,2022,17,5,11,0,12
1091,840,2022,12,6,15,0,6
1091,830,2022,8,7,1,0,1
1091,20,2022,14,8,12,0,6
1091,1,2022,3,9,6,0,-6
1091,842,2022,7,10,13,0,-3
1091,822,2022,16,11,10,0,5
1091,825,2022,9,12,14,0,-3
1091,854,2022,13,13,16,0,0
1091,847,2022,11,14,4,0,-3
1091,852,2022,10,15,17,0,-5
1091,839,2022,18,16,8,0,2
1091,848,2022,19,17,19,0,2
1091,4,2022,5,18,9,0,-13
1091,849,2022,20,19,21,0,1
1091,855,2022,15,20,18,0,-5
1092,830,2022,1,1,1,1,0
1092,815,2022,4,2,2,1,2
1092,844,2022,2,3,3,1,-1
1092,839,2022,5,4,8,0,1
1092,1,2022,6,5,6,0,1
1092,20,2022,9,6,11,0,3
1092,4,2022,7,7,9,0,0
1092,847,2022,8,8,4,0,0
1092,849,2022,20,9,20,0,11
1092,846,2022,10,10,7,0,0
1092,817,2022,11,11,12,0,0
1092,840,2022,19,12,15,0,7
1092,852,2022,13,13,17,0,0
1092,825,2022,18,14,14,0,4
1092,822,2022,12,15,10,0,-3
1092,855,2022,14,16,18,0,-2
1092,854,2022,15,17,16,0,-2
1092,842,2022,17,18,13,0,-1
1092,832,2022,3,19,5,0,-16
1092,848,2022,16,20,19,0,-4
1093,830,2022,3,1,1,1,2
1093,1,2022,5,2,6,1,3
1093,844,2022,2,3,2,1,-1
1093,815,2022,4,4,3,0,0
1093,847,2022,6,5,4,0,1
1093,846,2022,8,6,7,0,2
1093,4,2022,9,7,9,0,2
1093,20,2022,12,8,11,0,4
1093,825,2022,16,9,13,0,7
1093,852,2022,15,10,17,0,5
1093,839,2022,18,11,8,0,7
1093,855,2022,14,12,18,0,2
1093,848,2022,11,13,19,0,-2
1093,842,2022,13,14,14,0,-1
1093,854,2022,19,15,16,0,4
1093,817,2022,17,16,12,0,1
1093,849,2022,20,17,20,0,3
1093,840,2022,7,18,15,0,-11
1093,822,2022,10,19,10,0,-9
1093,832,2022,1,20,5,0,-19
1094,830,2022,1,1,1,1,0
1094,1,2022,3,2,5,1,1
1094,815,2022,4,3,2,1,1
1094,847,2022,2,4,4,0,-2
1094,832,2022,5,5,6,0,0
1094,844,2022,7,6,3,0,1
1094,817,2022,11,7,12,0,4
1094,839,2022,10,8,8,0,2
1094,846,2022,8,9,7,0,-1
1094,822,2022,6,10,10,0,-4
1094,842,2022,14,11,14,0,3
1094,848,2022,19,12,19,0,7
1094,855,2022,12,13,18,0,-1
1094,20,2022,17,14,11,0,3
1094,840,2022,18,15,15,0,3
1094,854,2022,16,16,16,0,0
1094,825,2022,15,17,13,0,-2
1094,849,2022,20,18,20,0,2
1094,4,2022,9,19,9,0,-10
1094,852,2022,13,20,17,0,-7
1095,847,2022,3,1,4,1,2
1095,1,2022,8,2,5,1,6
1095,832,2022,5,3,6,1,2
1095,844,2022,10,4,2,0,6
1095,4,2022,7,5,9,0,2
1095,830,2022,2,6,1,0,-4
1095,815,2022,9,7,3,0,2
1095,839,2022,6,8,8,0,-2
1095,822,2022,18,9,10,0,9
1095,840,2022,15,10,15,0,5
1095,20,2022,13,11,11,0,2
1095,855,2022,17,12,18,0,5
1095,854,2022,20,13,16,0,7
1095,842,2022,12,14,14,0,-2
1095,848,2022,11,15,19,0,-4
1095,849,2022,16,16,20,0,0
1095,852,2022,19,17,17,0,2
1095,846,2022,4,18,7,0,-14
1095,825,2022,1,19,13,0,-18
1095,817,2022,14,20,12,0,-6
1096,830,2022,1,1,1,1,0
1096,844,2022,3,2,2,1,1
1096,815,2022,2,3,3,1,-1
1096,832,2022,4,4,5,0,0
1096,847,2022,6,5,4,0,1
1096,846,2022,7,6,7,0,1
1096,839,2022,8,7,8,0,1
1096,840,2022,14,8,15,0,6
1096,817,2022,10,9,11,0,1
1096,20,2022,9,10,12,0,-1
1096,852,2022,12,11,17,0,1
1096,855,2022,15,12,18,0,3
1096,848,2022,19,13,19,0,6
1096,842,2022,17,14,14,0,3
1096,822,2022,18,15,10,0,3
1096,854,2022,13,16,16,0,-3
1096,825,2022,16,17,13,0,-1
1096,1,2022,5,18,6,0,-13
1096,849,2022,20,19,20,0,1
1096,4,2022,11,20,9,0,-9
1098,830,2023,1,1,1,1,0
1098,815,2023,2,2,2,1,0
1098,4,2023,5,3,3,1,2
1098,832,2023,4,4,4,0,0
1098,1,2023,7,5,5,0,2
1098,840,2023,8,6,6,0,2
1098,847,2023,6,7,7,0,-1
1098,822,2023,12,8,8,0,4
1098,842,2023,20,9,9,0,11
1098,848,2023,15,10,10,0,5
1098,852,2023,14,11,11,0,3
1098,858,2023,16,12,12,0,4
1098,825,2023,17,13,13,0,4
1098,856,2023,19,14,14,0,5
1098,807,2023,10,15,15,0,-5
1098,855,2023,13,16,16,0,-3
1098,846,2023,11,17,17,0,-6
1098,839,2023,9,18,18,0,-9
1098,844,2023,3,19,19,0,-16
1098,857,2023,18,20,20,0,-2
1099,815,2023,1,1,2,1,0
1099,830,2023,15,2,1,1,13
1099,4,2023,3,3,3,1,0
1099,847,2023,4,4,6,0,0
1099,1,2023,8,5,5,0,3
1099,832,2023,5,6,4,0,-1
1099,844,2023,2,7,8,0,-5
1099,839,2023,7,8,10,0,-1
1099,842,2023,10,9,11,0,1
1099,825,2023,13,10,12,0,3
1099,852,2023,16,11,14,0,5
1099,807,2023,11,12,15,0,-1
1099,855,2023,12,13,17,0,-1
1099,856,2023,18,14,18,0,4
1099,857,2023,9,15,19,0,-6
1099,858,2023,20,16,16,0,4
1099,846,2023,19,17,20,0,2
1099,822,2023,14,18,9,0,-4
1099,848,2023,17,19,13,0,-2
1099,840,2023,6,20,7,0,-14
1100,830,2023,1,1,1,1,0
1100,1,2023,3,2,4,1,1
1100,4,2023,4,3,3,1,1
1100,840,2023,6,4,6,0,2
1100,815,2023,20,5,2,0,15
1100,846,2023,13,6,8,0,7
1100,807,2023,10,7,9,0,3
1100,857,2023,16,8,13,0,8
1100,855,2023,17,9,15,0,8
1100,852,2023,12,10,16,0,2
1100,822,2023,19,11,11,0,8
1100,832,2023,5,12,5,0,-7
1100,842,2023,9,13,14,0,-4
1100,839,2023,11,14,12,0,-3
1100,856,2023,15,15,20,0,0
1100,858,2023,18,16,19,0,2
1100,825,2023,14,17,17,0,-3
1100,847,2023,2,18,7,0,-16
1100,848,2023,8,19,18,0,-11
1100,844,2023,7,20,10,0,-13
1101,815,2023,3,1,2,1,2
1101,830,2023,2,2,1,1,0
1101,844,2023,1,3,6,1,-2
1101,4,2023,6,4,3,0,2
1101,832,2023,4,5,5,0,-1
1101,1,2023,5,6,4,0,-1
1101,840,2023,9,7,8,0,2
1101,847,2023,11,8,7,0,3
1101,846,2023,7,9,9,0,-2
1101,852,2023,8,10,16,0,-2
1101,857,2023,10,11,11,0,-1
1101,848,2023,13,12,17,0,1
1101,825,2023,18,13,18,0,5
1101,842,2023,19,14,14,0,5
1101,839,2023,12,15,13,0,-3
1101,858,2023,15,16,19,0,-1
1101,807,2023,17,17,10,0,0
1101,822,2023,14,18,12,0,-4
1101,855,2023,16,19,15,0,-3
1101,856,2023,20,20,20,0,0
1102,830,2023,9,1,1,1,8
1102,815,2023,1,2,2,1,-1
1102,4,2023,2,3,3,1,-1
1102,847,2023,6,4,6,0,2
1102,832,2023,3,5,5,0,-2
1102,1,2023,13,6,4,0,7
1102,844,2023,7,7,7,0,0
1102,842,2023,5,8,10,0,-3
1102,839,2023,8,9,12,0,-1
1102,825,2023,4,10,17,0,-6
1102,852,2023,17,11,16,0,6
1102,840,2023,18,12,8,0,6
1102,822,2023,10,13,13,0,-3
1102,848,2023,11,14,18,0,-3
1102,807,2023,12,15,11,0,-3
1102,855,2023,14,16,15,0,-2
1102,846,2023,16,17,9,0,-1
1102,856,2023,15,18,20,0,-3
1102,857,2023,19,19,14,0,0
1102,858,2023,20,20,19,0,0
1104,830,2023,1,1,1,1,0
1104,4,2023,2,2,3,1,0
1104,839,2023,4,3,9,1,1
1104,1,2023,6,4,4,0,2
1104,847,2023,8,5,5,0,3
1104,844,2023,3,6,7,0,-3
1104,842,2023,7,7,10,0,0
1104,832,2023,5,8,6,0,-3
1104,846,2023,10,9,11,0,1
1104,857,2023,11,10,13,0,1
1104,822,2023,15,11,14,0,4
1104,856,2023,12,12,19,0,0
1104,855,2023,19,13,15,0,6
1104,848,2023,13,14,18,0,-1
1104,852,2023,9,15,16,0,-6
1104,815,2023,20,16,2,0,4
1104,807,2023,18,17,12,0,1
1104,858,2023,16,18,20,0,-2
1104,825,2023,17,19,17,0,-2
1104,840,2023,14,20,8,0,-6
1105,830,2023,1,1,1,1,0
1105,1,2023,5,2,4,1,3
1105,847,2023,12,3,5,1,9
1105,815,2023,11,4,2,0,7
1105,832,2023,2,5,6,0,-3
1105,840,2023,6,6,8,0,0
1105,4,2023,9,7,3,0,2
1105,839,2023,7,8,9,0,-1
1105,855,2023,13,9,15,0,4
1105,842,2023,4,10,10,0,-6
1105,844,2023,19,11,7,0,8
1105,852,2023,15,12,16,0,3
1105,857,2023,10,13,13,0,-3
1105,856,2023,14,14,19,0,0
1105,807,2023,8,15,12,0,-7
1105,848,2023,18,16,18,0,2
1105,846,2023,3,17,11,0,-14
1105,825,2023,17,18,17,0,-1
1105,822,2023,16,19,14,0,-3
1105,858,2023,20,20,20,0,0
1106,830,2023,1,1,1,1,0
1106,4,2023,3,2,3,1,1
1106,1,2023,4,3,4,1,1
1106,844,2023,11,4,7,0,7
1106,832,2023,8,5,5,0,3
1106,815,2023,12,6,2,0,6
1106,848,2023,10,7,12,0,3
1106,839,2023,6,8,9,0,-2
1106,840,2023,13,9,8,0,4
1106,822,2023,15,10,15,0,5
1106,857,2023,9,11,14,0,-2
1106,842,2023,17,12,10,0,5
1106,846,2023,7,13,11,0,-6
1106,852,2023,16,14,17,0,2
1106,807,2023,2,15,13,0,-13
1106,855,2023,20,16,16,0,4
1106,825,2023,14,17,18,0,-3
1106,856,2023,18,18,19,0,0
1106,847,2023,5,19,6,0,-14
1106,858,2023,19,20,20,0,-1
1107,830,2023,1,1,1,1,0
1107,844,2023,2,2,6,1,0
1107,815,2023,15,3,2,1,12
1107,846,2023,4,4,10,0,0
1107,4,2023,7,5,3,0,2
1107,832,2023,3,6,5,0,-3
1107,847,2023,11,7,7,0,4
1107,1,2023,5,8,4,0,-3
1107,840,2023,6,9,8,0,-3
1107,842,2023,9,10,11,0,-1
1107,848,2023,10,11,13,0,-1
1107,855,2023,17,12,16,0,5
1107,858,2023,18,13,19,0,5
1107,839,2023,12,14,9,0,-2
1107,822,2023,14,15,15,0,-1
1107,857,2023,13,16,14,0,-3
1107,856,2023,20,17,20,0,3
1107,825,2023,19,18,18,0,1
1107,852,2023,16,19,17,0,-3
1107,807,2023,8,20,12,0,-12
1108,830,2023,1,1,1,1,0
1108,846,2023,2,2,9,1,0
1108,1,2023,7,3,4,1,4
1108,857,2023,3,4,11,0,-1
1108,847,2023,6,5,6,0,1
1108,815,2023,16,6,2,0,10
1108,4,2023,9,7,3,0,2
1108,848,2023,8,8,13,0,0
1108,844,2023,4,9,7,0,-5
1108,832,2023,5,10,5,0,-5
1108,858,2023,14,11,19,0,3
1108,822,2023,15,12,15,0,3
1108,807,2023,11,13,14,0,-2
1108,840,2023,12,14,8,0,-2
1108,855,2023,18,15,16,0,3
1108,852,2023,17,16,17,0,1
1108,856,2023,19,17,20,0,2
1108,842,2023,10,18,12,0,-8
1108,825,2023,20,19,18,0,1
1108,839,2023,13,20,10,0,-7
1109,830,2023,2,1,1,1,1
1109,846,2023,3,2,8,1,1
1109,815,2023,9,3,2,1,6
1109,1,2023,1,4,4,0,-3
1109,857,2023,4,5,11,0,-1
1109,847,2023,18,6,5,0,12
1109,844,2023,6,7,7,0,-1
1109,832,2023,11,8,6,0,3
1109,4,2023,8,9,3,0,-1
1109,840,2023,14,10,9,0,4
1109,848,2023,16,11,13,0,5
1109,822,2023,7,12,15,0,-5
1109,817,2023,13,13,21,0,0
1109,807,2023,10,14,14,0,-4
1109,852,2023,17,15,17,0,2
1109,855,2023,5,16,16,0,-11
1109,825,2023,19,17,18,0,2
1109,858,2023,20,18,19,0,2
1109,839,2023,12,19,10,0,-7
1109,842,2023,15,20,12,0,-5
1110,830,2023,1,1,1,1,0
1110,815,2023,3,2,2,1,1
1110,844,2023,2,3,5,1,-1
1110,1,2023,4,4,4,0,0
1110,4,2023,9,5,3,0,4
1110,847,2023,8,6,6,0,2
1110,846,2023,7,7,8,0,0
1110,839,2023,15,8,10,0,7
1110,840,2023,10,9,9,0,1
1110,852,2023,11,10,17,0,1
1110,842,2023,12,11,12,0,1
1110,822,2023,14,12,15,0,2
1110,855,2023,17,13,16,0,4
1110,848,2023,16,14,13,0,2
1110,825,2023,13,15,18,0,-2
1110,817,2023,19,16,21,0,3
1110,858,2023,18,17,19,0,1
1110,807,2023,20,18,14,0,2
1110,832,2023,5,19,7,0,-14
1110,857,2023,6,20,11,0,-14
1111,830,2023,1,1,1,1,0
1111,4,2023,5,2,3,1,3
1111,842,2023,12,3,10,1,9
1111,815,2023,7,4,2,0,3
1111,832,2023,6,5,5,0,1
1111,1,2023,13,6,4,0,7
1111,846,2023,2,7,8,0,-5
1111,848,2023,4,8,13,0,-4
1111,857,2023,8,9,12,0,-1
1111,839,2023,17,10,11,0,7
1111,840,2023,11,11,9,0,0
1111,807,2023,15,12,14,0,3
1111,859,2023,20,13,22,0,7
1111,822,2023,19,14,15,0,5
1111,852,2023,14,15,17,0,-1
1111,825,2023,18,16,18,0,2
1111,847,2023,3,17,7,0,-14
1111,855,2023,16,18,16,0,-2
1111,844,2023,9,19,6,0,-10
1111,858,2023,10,20,19,0,-10
1112,830,2023,2,1,1,1,1
1112,815,2023,5,2,2,1,3
1112,832,2023,1,3,5,1,-2
1112,844,2023,3,4,6,0,-1
1112,847,2023,4,5,7,0,-1
1112,1,2023,8,6,4,0,2
1112,848,2023,6,7,13,0,-1
1112,846,2023,9,8,8,0,1
1112,4,2023,10,9,3,0,1
1112,822,2023,14,10,15,0,4
1112,859,2023,12,11,20,0,1
1112,857,2023,7,12,12,0,-5
1112,858,2023,15,13,19,0,2
1112,855,2023,16,14,16,0,2
1112,842,2023,17,15,10,0,2
1112,840,2023,20,16,9,0,4
1112,807,2023,13,17,14,0,-4
1112,825,2023,19,18,18,0,1
1112,839,2023,18,19,11,0,-1
1112,852,2023,11,20,17,0,-9
1113,832,2023,1,1,5,1,0
1113,846,2023,4,2,8,1,2
1113,1,2023,5,3,3,1,2
1113,844,2023,3,4,6,0,-1
1113,830,2023,11,5,1,0,6
1113,842,2023,12,6,10,0,6
1113,857,2023,17,7,11,0,10
1113,815,2023,13,8,2,0,5
1113,859,2023,10,9,19,0,1
1113,825,2023,6,10,18,0,-4
1113,848,2023,14,11,13,0,3
1113,855,2023,19,12,16,0,7
1113,807,2023,9,13,14,0,-4
1113,858,2023,18,14,20,0,4
1113,4,2023,7,15,4,0,-8
1113,847,2023,2,16,7,0,-14
1113,822,2023,16,17,15,0,-1
1113,839,2023,8,18,12,0,-10
1113,852,2023,15,19,17,0,-4
1113,840,2023,20,20,9,0,0
1114,830,2023,1,1,1,1,0
1114,846,2023,3,2,7,1,1
1114,857,2023,2,3,9,1,-1
1114,844,2023,4,4,6,0,0
1114,1,2023,7,5,3,0,2
1114,832,2023,6,6,5,0,0
1114,847,2023,8,7,8,0,1
1114,4,2023,10,8,4,0,2
1114,839,2023,14,9,12,0,5
1114,842,2023,12,10,11,0,2
1114,859,2023,11,11,19,0,0
1114,852,2023,9,12,17,0,-3
1114,855,2023,19,13,16,0,6
1114,807,2023,18,14,14,0,4
1114,825,2023,15,15,18,0,0
1114,848,2023,13,16,13,0,-3
1114,858,2023,20,17,20,0,3
1114,840,2023,17,18,10,0,-1
1114,815,2023,5,19,2,0,-14
1114,822,2023,16,20,15,0,-4
1115,830,2023,1,1,1,1,0
1115,857,2023,6,2,9,1,4
1115,846,2023,10,3,7,1,7
1115,847,2023,2,4,8,0,-2
1115,844,2023,5,5,6,0,0
1115,4,2023,4,6,4,0,-2
1115,839,2023,8,7,12,0,1
1115,822,2023,9,8,14,0,1
1115,855,2023,20,9,16,0,11
1115,815,2023,13,10,2,0,3
1115,840,2023,17,11,10,0,6
1115,842,2023,7,12,11,0,-5
1115,848,2023,14,13,13,0,1
1115,825,2023,19,14,18,0,5
1115,852,2023,11,15,17,0,-4
1115,807,2023,15,16,15,0,-1
1115,859,2023,18,17,19,0,1
1115,858,2023,16,18,20,0,-2
1115,1,2023,3,19,3,0,-16
1115,832,2023,12,20,5,0,-8
1116,830,2023,6,1,1,1,5
1116,846,2023,2,2,6,1,0
1116,832,2023,4,3,5,1,1
1116,815,2023,9,4,2,0,5
1116,847,2023,5,5,8,0,0
1116,842,2023,7,6,10,0,1
1116,840,2023,19,7,11,0,12
1116,852,2023,11,8,16,0,3
1116,848,2023,18,9,13,0,9
1116,858,2023,20,10,20,0,10
1116,807,2023,16,11,15,0,5
1116,822,2023,13,12,14,0,1
1116,855,2023,12,13,17,0,-1
1116,825,2023,14,14,18,0,0
1116,817,2023,15,15,22,0,0
1116,4,2023,17,16,4,0,1
1116,857,2023,10,17,9,0,-7
1116,839,2023,8,18,12,0,-10
1116,1,2023,3,19,3,0,-16
1116,844,2023,1,20,7,0,-19
1117,830,2023,3,1,1,1,2
1117,1,2023,6,2,3,1,4
1117,844,2023,1,3,7,1,-2
1117,832,2023,2,4,4,0,-2
1117,846,2023,19,5,6,0,14
1117,847,2023,8,6,8,0,2
1117,817,2023,4,7,17,0,-3
1117,857,2023,7,8,9,0,-1
1117,848,2023,14,9,13,0,5
1117,839,2023,16,10,12,0,6
1117,842,2023,11,11,10,0,0
1117,852,2023,15,12,16,0,3
1117,807,2023,12,13,15,0,-1
1117,855,2023,10,14,18,0,-4
1117,822,2023,9,15,14,0,-6
1117,858,2023,20,16,21,0,4
1117,840,2023,18,17,11,0,1
1117,4,2023,13,18,5,0,-5
1117,825,2023,17,19,19,0,-2
1117,815,2023,5,20,2,0,-15
1118,830,2023,1,1,1,1,0
1118,846,2023,7,2,5,1,5
1118,4,2023,4,3,4,1,1
1118,815,2023,9,4,2,0,5
1118,840,2023,3,5,10,0,-2
1118,832,2023,8,6,6,0,2
1118,842,2023,13,7,11,0,6
1118,1,2023,5,8,3,0,-3
1118,852,2023,16,9,14,0,7
1118,839,2023,12,10,12,0,2
1118,858,2023,19,11,21,0,8
1118,807,2023,11,12,16,0,-1
1118,817,2023,17,13,17,0,4
1118,857,2023,10,14,9,0,-4
1118,847,2023,6,15,8,0,-9
1118,822,2023,18,16,15,0,2
1118,855,2023,20,17,18,0,3
1118,825,2023,14,18,19,0,-4
1118,848,2023,15,19,13,0,-4
1118,844,2023,2,20,7,0,-18
1119,830,2023,3,1,1,1,2
1119,844,2023,1,2,7,1,-1
1119,815,2023,12,3,2,1,9
1119,839,2023,17,4,12,0,13
1119,840,2023,14,5,10,0,9
1119,832,2023,2,6,4,0,-4
1119,1,2023,11,7,3,0,4
1119,847,2023,4,8,8,0,-4
1119,4,2023,10,9,5,0,1
1119,857,2023,19,10,9,0,9
1119,842,2023,5,11,11,0,-6
1119,848,2023,6,12,13,0,-6
1119,825,2023,9,13,19,0,-4
1119,817,2023,15,14,17,0,1
1119,855,2023,18,15,18,0,3
1119,858,2023,7,16,21,0,-9
1119,822,2023,8,17,15,0,-9
1119,852,2023,20,18,14,0,2
1119,807,2023,13,19,16,0,-6
1119,846,2023,16,20,6,0,-4
1120,830,2023,1,1,1,1,0
1120,844,2023,2,2,5,1,0
1120,847,2023,4,3,8,1,1
1120,815,2023,9,4,2,0,5
1120,846,2023,5,5,6,0,0
1120,857,2023,3,6,9,0,-3
1120,4,2023,7,7,4,0,0
1120,852,2023,6,8,14,0,-2
1120,1,2023,11,9,3,0,2
1120,840,2023,13,10,10,0,3
1120,817,2023,15,11,17,0,4
1120,839,2023,12,12,12,0,0
1120,842,2023,10,13,11,0,-3
1120,848,2023,14,14,13,0,0
1120,807,2023,8,15,16,0,-7
1120,858,2023,20,16,21,0,4
1120,855,2023,19,17,18,0,2
1120,832,2023,16,18,7,0,-2
1120,822,2023,18,19,15,0,-1
1120,825,2023,17,20,19,0,-3
1121,830,2024,1,1,1,1,0
1121,815,2024,5,2,2,1,3
1121,832,2024,4,3,3,1,1
1121,844,2024,2,4,4,0,-2
1121,847,2024,3,5,5,0,-2
1121,846,2024,7,6,6,0,1
1121,1,2024,9,7,7,0,2
1121,857,2024,8,8,8,0,0
1121,4,2024,6,9,9,0,-3
1121,840,2024,12,10,10,0,2
1121,855,2024,17,11,11,0,6
1121,825,2024,15,12,12,0,3
1121,817,2024,14,13,13,0,1
1121,852,2024,11,14,14,0,-3
1121,848,2024,13,15,15,0,-2
1121,807,2024,10,16,16,0,-6
1121,839,2024,19,17,17,0,2
1121,842,2024,20,18,18,0,2
1121,822,2024,16,19,19,0,-3
1121,858,2024,18,20,20,0,-2
1122,830,2024,1,1,1,1,0
1122,815,2024,3,2,2,1,1
1122,844,2024,2,3,3,1,-1
1122,857,2024,5,4,5,0,1
1122,4,2024,4,5,7,0,-1
1122,847,2024,7,6,4,0,1
1122,860,2024,11,7,10,0,4
1122,846,2024,6,8,8,0,-2
1122,1,2024,8,9,9,0,-1
1122,807,2024,15,10,11,0,5
1122,848,2024,12,11,13,0,1
1122,825,2024,13,12,15,0,1
1122,839,2024,17,13,17,0,4
1122,858,2024,19,14,19,0,5
1122,852,2024,9,15,18,0,-6
1122,817,2024,14,16,16,0,-2
1122,822,2024,16,17,20,0,-1
1122,855,2024,20,18,14,0,2
1122,840,2024,10,19,12,0,-9
1122,842,2024,18,20,21,0,-2
1123,832,2024,2,1,4,1,1
1123,844,2024,5,2,2,1,3
1123,846,2024,4,3,6,1,1
1123,857,2024,6,4,5,0,2
1123,815,2024,3,5,3,0,-2
1123,840,2024,9,6,9,0,3
1123,852,2024,8,7,11,0,1
1123,4,2024,10,8,8,0,2
1123,807,2024,16,9,13,0,7
1123,825,2024,14,10,14,0,4
1123,848,2024,12,11,15,0,1
1123,817,2024,18,12,17,0,6
1123,842,2024,17,13,19,0,4
1123,822,2024,13,14,20,0,-1
1123,855,2024,19,15,16,0,4
1123,839,2024,15,16,18,0,-1
1123,847,2024,7,17,7,0,-10
1123,1,2024,11,18,10,0,-7
1123,830,2024,1,19,1,0,-18
1124,830,2024,1,1,1,1,0
1124,815,2024,2,2,2,1,0
1124,832,2024,4,3,4,1,1
1124,844,2024,8,4,3,0,4
1124,846,2024,3,5,5,0,-2
1124,4,2024,5,6,8,0,-1
1124,847,2024,9,7,7,0,2
1124,857,2024,6,8,6,0,-2
1124,1,2024,7,9,9,0,-2
1124,852,2024,10,10,11,0,0
1124,807,2024,12,11,13,0,1
1124,840,2024,16,12,10,0,4
1124,825,2024,18,13,14,0,5
1124,822,2024,13,14,20,0,-1
1124,839,2024,15,15,18,0,0
1124,842,2024,17,16,19,0,1
1124,858,2024,19,17,21,0,2
1124,855,2024,20,18,16,0,2
1124,817,2024,11,19,17,0,-8
1124,848,2024,14,20,15,0,-6
1125,830,2024,1,1,1,1,0
1125,846,2024,4,2,5,1,2
1125,815,2024,2,3,2,1,-1
1125,844,2024,6,4,3,0,2
1125,832,2024,7,5,4,0,2
1125,847,2024,8,6,7,0,2
1125,4,2024,3,7,8,0,-4
1125,857,2024,5,8,6,0,-3
1125,1,2024,18,9,9,0,9
1125,807,2024,9,10,13,0,-1
1125,839,2024,13,11,16,0,2
1125,848,2024,14,12,15,0,2
1125,842,2024,15,13,19,0,2
1125,855,2024,16,14,17,0,2
1125,840,2024,11,15,10,0,-4
1125,825,2024,17,16,14,0,1
1125,858,2024,20,17,21,0,3
1125,817,2024,12,18,18,0,-6
1125,852,2024,19,19,11,0,0
1125,822,2024,10,20,20,0,-10
1126,846,2024,5,1,4,1,4
1126,830,2024,1,2,1,1,-1
1126,844,2024,2,3,3,1,-1
1126,815,2024,4,4,2,0,0
1126,832,2024,3,5,5,0,-2
1126,1,2024,8,6,9,0,2
1126,852,2024,10,7,10,0,3
1126,847,2024,7,8,7,0,-1
1126,4,2024,15,9,8,0,6
1126,839,2024,13,10,15,0,3
1126,807,2024,9,11,13,0,-2
1126,842,2024,12,12,19,0,0
1126,857,2024,6,13,6,0,-7
1126,855,2024,20,14,18,0,6
1126,817,2024,18,15,14,0,3
1126,822,2024,16,16,20,0,0
1126,840,2024,11,17,11,0,-6
1126,848,2024,14,18,17,0,-4
1126,825,2024,19,19,16,0,0
1126,858,2024,17,20,21,0,-3
1127,830,2024,1,1,1,1,0
1127,846,2024,3,2,4,1,1
1127,844,2024,4,3,2,1,1
1127,857,2024,2,4,6,0,-2
1127,832,2024,5,5,5,0,0
1127,1,2024,8,6,8,0,2
1127,847,2024,6,7,7,0,-1
1127,815,2024,11,8,3,0,3
1127,840,2024,13,9,11,0,4
1127,852,2024,7,10,10,0,-3
1127,807,2024,10,11,13,0,-1
1127,825,2024,18,12,16,0,6
1127,817,2024,9,13,14,0,-4
1127,839,2024,12,14,15,0,-2
1127,855,2024,17,15,18,0,2
1127,842,2024,15,16,19,0,-1
1127,858,2024,20,17,21,0,3
1127,822,2024,16,18,20,0,-2
1127,4,2024,19,19,9,0,0
1127,848,2024,14,20,17,0,-6
1128,844,2024,1,1,2,1,0
1128,857,2024,2,2,6,1,0
1128,832,2024,3,3,4,1,0
1128,846,2024,4,4,3,0,0
1128,847,2024,5,5,7,0,0
1128,830,2024,6,6,1,0,0
1128,1,2024,7,7,8,0,0
1128,852,2024,8,8,10,0,0
1128,848,2024,9,9,15,0,0
1128,842,2024,10,10,18,0,0
1128,4,2024,16,11,9,0,5
1128,817,2024,13,12,14,0,1
1128,822,2024,19,13,20,0,6
1128,840,2024,14,14,11,0,0
1128,858,2024,17,15,21,0,2
1128,855,2024,20,16,19,0,4
1128,839,2024,11,17,16,0,-6
1128,815,2024,18,18,5,0,0
1128,807,2024,12,19,13,0,-7
1128,825,2024,15,20,17,0,-5
1129,830,2024,2,1,1,1,1
1129,846,2024,3,2,3,1,1
1129,847,2024,1,3,7,1,-2
1129,1,2024,7,4,8,0,3
1129,857,2024,4,5,6,0,-1
1129,4,2024,6,6,9,0,0
1129,840,2024,9,7,11,0,2
1129,817,2024,5,8,12,0,-3
1129,842,2024,15,9,15,0,6
1129,839,2024,18,10,17,0,8
1129,807,2024,19,11,14,0,8
1129,825,2024,14,12,18,0,2
1129,822,2024,17,13,20,0,4
1129,852,2024,8,14,10,0,-6
1129,855,2024,20,15,19,0,5
1129,832,2024,12,16,4,0,-4
1129,848,2024,10,17,16,0,-7
1129,815,2024,16,18,5,0,-2
1129,844,2024,11,19,2,0,-8
1129,858,2024,13,20,21,0,-7
1130,830,2024,2,1,1,1,1
1130,846,2024,1,2,2,1,-1
1130,1,2024,3,3,8,1,0
1130,847,2024,4,4,7,0,0
1130,844,2024,5,5,3,0,0
1130,832,2024,6,6,4,0,0
1130,857,2024,10,7,6,0,3
1130,815,2024,8,8,5,0,0
1130,842,2024,7,9,15,0,-2
1130,839,2024,9,10,16,0,-1
1130,807,2024,13,11,14,0,2
1130,4,2024,11,12,9,0,-1
1130,855,2024,15,13,19,0,2
1130,840,2024,14,14,11,0,0
1130,817,2024,18,15,12,0,3
1130,822,2024,12,16,20,0,-4
1130,825,2024,16,17,18,0,-1
1130,848,2024,19,18,17,0,1
1130,852,2024,17,19,10,0,-2
1130,858,2024,20,20,21,0,0
1131,847,2024,3,1,7,1,2
1131,857,2024,7,2,6,1,5
1131,832,2024,4,3,4,1,1
1131,1,2024,5,4,8,0,1
1131,830,2024,1,5,1,0,-4
1131,807,2024,9,6,12,0,3
1131,815,2024,8,7,5,0,1
1131,825,2024,12,8,16,0,4
1131,817,2024,11,9,13,0,2
1131,842,2024,13,10,15,0,3
1131,844,2024,6,11,3,0,-5
1131,839,2024,10,12,17,0,-2
1131,840,2024,17,13,11,0,4
1131,852,2024,14,14,10,0,0
1131,848,2024,16,15,18,0,1
1131,822,2024,18,16,20,0,2
1131,855,2024,20,17,19,0,3
1131,4,2024,15,18,9,0,-3
1131,858,2024,19,19,21,0,0
1131,846,2024,2,20,2,0,-18
1132,1,2024,2,1,8,1,1
1132,830,2024,4,2,1,1,2
1132,846,2024,3,3,2,1,0
1132,857,2024,5,4,5,0,1
1132,832,2024,7,5,4,0,2
1132,807,2024,6,6,11,0,0
1132,840,2024,8,7,10,0,1
1132,4,2024,10,8,9,0,2
1132,848,2024,9,9,17,0,0
1132,852,2024,13,10,12,0,3
1132,858,2024,12,11,20,0,1
1132,825,2024,17,12,16,0,5
1132,817,2024,15,13,13,0,2
1132,844,2024,11,14,3,0,-3
1132,822,2024,16,15,21,0,1
1132,839,2024,18,16,18,0,2
1132,815,2024,19,17,6,0,2
1132,855,2024,14,18,19,0,-4
1132,847,2024,1,19,7,0,-18
1132,842,2024,20,20,15,0,0
1133,857,2024,2,1,5,1,1
1133,846,2024,1,2,2,1,-1
1133,1,2024,5,3,6,1,2
1133,844,2024,6,4,3,0,2
1133,830,2024,3,5,1,0,-2
1133,832,2024,4,6,4,0,-2
1133,815,2024,16,7,7,0,9
1133,847,2024,17,8,8,0,9
1133,852,2024,10,9,12,0,1
1133,840,2024,8,10,10,0,-2
1133,4,2024,7,11,9,0,-4
1133,817,2024,9,12,13,0,-3
1133,807,2024,11,13,11,0,-2
1133,848,2024,13,14,17,0,-1
1133,825,2024,15,15,16,0,0
1133,822,2024,12,16,21,0,-4
1133,858,2024,14,17,20,0,-3
1133,839,2024,19,18,18,0,1
1133,855,2024,18,19,19,0,-1
1133,842,2024,20,20,15,0,0
1134,1,2024,4,1,6,1,3
1134,857,2024,6,2,4,1,4
1134,844,2024,2,3,3,1,-1
1134,830,2024,1,4,1,0,-3
1134,846,2024,5,5,2,0,0
1134,832,2024,8,6,5,0,2
1134,815,2024,3,7,7,0,-4
1134,4,2024,9,8,9,0,1
1134,839,2024,10,9,17,0,1
1134,817,2024,13,10,13,0,3
1134,840,2024,15,11,10,0,4
1134,848,2024,11,12,18,0,-1
1134,842,2024,12,13,15,0,-1
1134,825,2024,17,14,16,0,3
1134,822,2024,14,15,21,0,-1
1134,852,2024,18,16,12,0,2
1134,858,2024,19,17,20,0,2
1134,807,2024,16,18,11,0,-2
1134,855,2024,20,19,19,0,1
1134,847,2024,7,20,8,0,-13
1135,846,2024,1,1,2,1,0
1135,830,2024,2,2,1,1,0
1135,844,2024,6,3,3,1,3
1135,857,2024,3,4,4,0,-1
1135,832,2024,10,5,5,0,5
1135,815,2024,5,6,7,0,-1
1135,847,2024,4,7,8,0,-3
1135,1,2024,11,8,6,0,3
1135,842,2024,9,9,14,0,0
1135,4,2024,7,10,9,0,-3
1135,807,2024,13,11,11,0,2
1135,817,2024,15,12,13,0,3
1135,840,2024,8,13,10,0,-5
1135,848,2024,19,14,18,0,5
1135,839,2024,16,15,17,0,1
1135,858,2024,20,16,20,0,4
1135,852,2024,12,17,12,0,-5
1135,825,2024,14,18,16,0,-4
1135,822,2024,17,19,21,0,-2
1135,855,2024,18,20,19,0,-2
1136,844,2024,4,1,3,1,3
1136,857,2024,2,2,4,1,0
1136,846,2024,1,3,2,1,-2
1136,832,2024,5,4,5,0,1
1136,1,2024,6,5,6,0,1
1136,830,2024,7,6,1,0,1
1136,847,2024,3,7,8,0,-4
1136,815,2024,8,8,7,0,0
1136,848,2024,9,9,17,0,0
1136,825,2024,13,10,16,0,3
1136,4,2024,11,11,9,0,0
1136,861,2024,18,12,21,0,6
1136,817,2024,12,13,13,0,-1
1136,839,2024,15,14,18,0,1
1136,842,2024,14,15,14,0,-1
1136,822,2024,19,16,22,0,3
1136,807,2024,10,17,11,0,-7
1136,855,2024,20,18,19,0,2
1136,840,2024,17,19,10,0,-2
1136,852,2024,16,20,12,0,-4
1137,857,2024,2,1,4,1,1
1137,844,2024,1,2,3,1,-1
1137,847,2024,5,3,7,1,2
1137,846,2024,16,4,2,0,12
1137,830,2024,6,5,1,0,1
1137,4,2024,8,6,9,0,2
1137,848,2024,10,7,13,0,3
1137,861,2024,9,8,19,0,1
1137,1,2024,7,9,6,0,-2
1137,860,2024,11,10,16,0,1
1137,807,2024,13,11,11,0,2
1137,842,2024,20,12,15,0,8
1137,817,2024,15,13,14,0,2
1137,855,2024,18,14,20,0,4
1137,839,2024,19,15,18,0,4
1137,822,2024,17,16,22,0,1
1137,815,2024,4,17,8,0,-13
1137,832,2024,3,18,5,0,-15
1137,840,2024,14,19,10,0,-5
1137,852,2024,12,20,12,0,-8
1138,846,2024,1,1,2,1,0
1138,830,2024,2,2,1,1,0
1138,857,2024,5,3,4,1,2
1138,847,2024,4,4,7,0,0
1138,844,2024,9,5,3,0,4
1138,1,2024,3,6,6,0,-3
1138,832,2024,10,7,5,0,3
1138,4,2024,7,8,9,0,-1
1138,807,2024,6,9,10,0,-3
1138,815,2024,13,10,8,0,3
1138,861,2024,12,11,19,0,1
1138,852,2024,8,12,12,0,-4
1138,839,2024,15,13,18,0,2
1138,840,2024,17,14,11,0,3
1138,855,2024,20,15,20,0,5
1138,822,2024,19,16,22,0,3
1138,842,2024,18,17,15,0,1
1138,817,2024,16,18,14,0,-2
1138,825,2024,14,19,17,0,-5
1138,848,2024,11,20,13,0,-9
1139,844,2024,4,1,3,1,3
1139,832,2024,3,2,5,1,1
1139,830,2024,2,3,1,1,-1
1139,846,2024,1,4,2,0,-3
1139,857,2024,5,5,4,0,0
1139,847,2024,6,6,7,0,0
1139,815,2024,10,7,8,0,3
1139,807,2024,12,8,10,0,4
1139,859,2024,15,9,20,0,6
1139,861,2024,17,10,18,0,7
1139,825,2024,9,11,15,0,-2
1139,842,2024,7,12,16,0,-5
1139,4,2024,8,13,9,0,-5
1139,852,2024,11,14,12,0,-3
1139,840,2024,14,15,11,0,-1
1139,848,2024,16,16,13,0,0
1139,822,2024,18,17,23,0,1
1139,839,2024,13,18,19,0,-5
1139,855,2024,20,19,21,0,1
1139,1,2024,19,20,6,0,-1
1140,832,2024,1,1,5,1,0
1140,846,2024,3,2,2,1,1
1140,844,2024,4,3,3,1,1
1140,1,2024,6,4,6,0,2
1140,847,2024,5,5,7,0,0
1140,830,2024,2,6,1,0,-4
1140,825,2024,7,7,13,0,0
1140,857,2024,17,8,4,0,9
1140,807,2024,10,9,10,0,1
1140,842,2024,8,10,16,0,-2
1140,840,2024,14,11,11,0,3
1140,861,2024,16,12,18,0,4
1140,839,2024,19,13,19,0,6
1140,822,2024,15,14,23,0,1
1140,855,2024,20,15,21,0,5
1140,859,2024,12,16,20,0,-4
1140,815,2024,18,17,8,0,1
1140,4,2024,13,18,9,0,-5
1140,848,2024,9,19,14,0,-10
1140,852,2024,11,20,12,0,-9
1141,830,2024,12,1,1,1,11
1141,839,2024,4,2,14,1,2
1141,842,2024,15,3,12,1,12
1141,847,2024,2,4,6,0,-2
1141,844,2024,6,5,3,0,1
1141,846,2024,1,6,2,0,-5
1141,852,2024,3,7,11,0,-4
1141,857,2024,8,8,4,0,0
1141,859,2024,5,9,20,0,-4
1141,1,2024,16,10,7,0,6
1141,815,2024,13,11,8,0,2
1141,860,2024,17,12,18,0,5
1141,822,2024,11,13,23,0,-2
1141,4,2024,9,14,9,0,-5
1141,855,2024,20,15,21,0,5
1141,832,2024,14,16,5,0,-2
1141,861,2024,18,17,19,0,1
1141,848,2024,7,18,16,0,-11
1141,840,2024,10,19,13,0,-9
1141,807,2024,19,20,10,0,-1
1142,847,2024,1,1,6,1,0
1142,1,2024,10,2,7,1,8
1142,832,2024,2,3,5,1,-1
1142,844,2024,4,4,3,0,0
1142,830,2024,5,5,1,0,0
1142,846,2024,6,6,2,0,0
1142,857,2024,8,7,4,0,1
1142,807,2024,9,8,10,0,1
1142,852,2024,7,9,11,0,-2
1142,815,2024,16,10,8,0,6
1142,4,2024,17,11,9,0,6
1142,825,2024,12,12,15,0,0
1142,855,2024,13,13,21,0,0
1142,861,2024,14,14,19,0,0
1142,840,2024,20,15,13,0,5
1142,859,2024,15,16,20,0,-1
1142,839,2024,11,17,14,0,-6
1142,822,2024,19,18,23,0,1
1142,848,2024,18,19,16,0,-1
1142,842,2024,3,20,12,0,-17
1143,830,2024,1,1,1,1,0
1143,844,2024,5,2,3,1,3
1143,857,2024,4,3,4,1,1
1143,847,2024,2,4,6,0,-2
1143,842,2024,11,5,11,0,6
1143,832,2024,7,6,5,0,1
1143,4,2024,8,7,9,0,1
1143,855,2024,12,8,20,0,4
1143,825,2024,10,9,15,0,1
1143,846,2024,3,10,2,0,-7
1143,822,2024,13,11,22,0,2
1143,1,2024,6,12,7,0,-6
1143,852,2024,14,13,12,0,1
1143,859,2024,17,14,21,0,3
1143,848,2024,16,15,16,0,1
1143,807,2024,18,16,10,0,2
1143,815,2024,9,17,8,0,-8
1143,840,2024,15,18,13,0,-3
1143,861,2024,19,19,19,0,0
1143,839,2024,20,20,14,0,0
1144,846,2024,1,1,2,1,0
1144,832,2024,3,2,5,1,1
1144,844,2024,14,3,3,1,11
1144,1,2024,18,4,7,0,14
1144,847,2024,7,5,6,0,2
1144,830,2024,5,6,1,0,-1
1144,842,2024,6,7,10,0,-1
1144,807,2024,4,8,11,0,-4
1144,4,2024,8,9,9,0,-1
1144,857,2024,2,10,4,0,-8
1144,848,2024,16,11,16,0,5
1144,852,2024,11,12,12,0,-1
1144,855,2024,17,13,20,0,4
1144,840,2024,13,14,13,0,-1
1144,862,2024,20,15,24,0,5
1144,825,2024,15,16,15,0,-1
1144,859,2024,12,17,21,0,-5
1144,822,2024,9,18,22,0,-9
1144,861,2024,19,19,19,0,0
1144,815,2024,10,20,8,0,-10
